Rank,Pokemon,Usage %,Tiers
1,Great Tusk,26.85529%,ou
2,Kingambit,18.09927%,ou
3,Gholdengo,16.63948%,ou
4,Dragapult,15.81891%,ou
5,Ogerpon-Wellspring,14.62739%,ou
6,Dragonite,14.33187%,ou
7,Iron Valiant,13.35165%,ou
8,Slowking-Galar,12.89847%,ou
9,Hatterene,12.04824%,ou
10,Corviknight,11.59446%,ou
11,Cinderace,11.49422%,ou
12,Zamazenta,11.43472%,ou
13,Landorus-Therian,11.41939%,ou
14,Raging Bolt,11.14059%,ou
15,Gliscor,11.01820%,ou
16,Samurott-Hisui,9.02599%,ou
17,Kyurem,8.93192%,ou
18,Iron Treads,8.87837%,ou
19,Darkrai,8.55177%,ou
20,Ting-Lu,8.53855%,ou
21,Glimmora,8.29092%,ou
22,Alomomola,8.13059%,ou
23,Ceruledge,8.02818%,ou
24,Scizor,8.02758%,ou
25,Zapdos,7.54544%,ou
26,Iron Moth,7.18762%,ou
27,Rillaboom,7.17500%,ou
28,Pecharunt,6.93994%,ou
29,Walking Wake,6.91208%,ou
30,Garganacl,6.69300%,ou
31,Heatran,6.17738%,ou
32,Primarina,6.06876%,ou
33,Garchomp,6.05329%,ou
34,Moltres,5.32079%,ou
35,Clefable,5.18998%,ou
36,Weezing-Galar,4.90781%,ou
37,Enamorus,4.78593%,ou
38,Meowscarada,4.72621%,ou
39,Pelipper,4.35283%,ou
40,Iron Crown,4.31820%,ou
41,Deoxys-Speed,4.06168%,ou
42,Tyranitar,4.03447%,ou
43,Torkoal,3.98216%,ou
44,Dondozo,3.87156%,ou
45,Tornadus-Therian,3.78771%,ou
46,Toxapex,3.55168%,ou
47,Ninetales-Alola,3.49490%,ou
48,Blaziken,3.32845%,ou
49,Araquanid,3.26325%,ou
50,Clodsire,3.18488%,ou
51,Ursaluna,3.11756%,ou
52,Serperior,3.05627%,ou
53,Greninja,3.02183%,ou
54,Excadrill,3.02174%,ou
55,Weavile,3.00507%,ou
56,Hydrapple,2.98454%,ou
57,Hoopa-Unbound,2.95691%,ou
58,Lokix,2.82554%,ou
59,Blissey,2.76633%,ou
60,Ninetales,2.70159%,ou
61,Skeledirge,2.62676%,ou
62,Latios,2.58334%,ou
63,Rotom-Wash,2.47251%,ou
64,Quaquaval,2.37116%,ou
65,Ribombee,2.20646%,ou
66,Iron Hands,2.15397%,ou
67,Venusaur,2.10493%,ou
68,Sinistcha,2.09668%,ou
69,Barraskewda,2.09466%,ou
70,Tinkaton,2.01661%,ou
71,Grimmsnarl,1.80853%,ou
72,Arcanine-Hisui,1.80020%,ou
73,Skarmory,1.71068%,ou
74,Zoroark-Hisui,1.64599%,ou
75,Ogerpon,1.62822%,ou
76,Hawlucha,1.55210%,ou
77,Gengar,1.54999%,ou
78,Mimikyu,1.54939%,ou
79,Goodra-Hisui,1.54455%,ou
80,Keldeo,1.51937%,ou
81,Ogerpon-Cornerstone,1.50578%,ou
82,Metagross,1.44915%,ou
83,Volcanion,1.44551%,ou
84,Polteageist,1.44081%,ou
85,Indeedee,1.40973%,ou
86,Maushold,1.40554%,ou
87,Incineroar,1.32132%,ou
88,Slither Wing,1.28274%,ou
89,Thundurus-Therian,1.28113%,ou
90,Latias,1.27228%,ou
91,Cresselia,1.24530%,ou
92,Iron Boulder,1.24166%,ou
93,Charizard,1.16970%,ou
94,Azumarill,1.13820%,ou
95,Cloyster,1.11555%,ou
96,Galvantula,1.08166%,ou
97,Hydreigon,1.06508%,ou
98,Kommo-o,1.05219%,ou
99,Gyarados,1.03777%,ou
100,Kingdra,1.03004%,ou
101,Mandibuzz,1.02267%,ou
102,Comfey,0.99283%,ou
103,Moltres-Galar,0.99076%,ou
104,Toxicroak,0.96829%,ou
105,Armarouge,0.95287%,ou
106,Lilligant-Hisui,0.94444%,ou
107,Conkeldurr,0.94426%,ou
108,Umbreon,0.93850%,ou
109,Blastoise,0.93781%,ou
110,Manaphy,0.92727%,ou
111,Talonflame,0.92565%,ou
112,Empoleon,0.90107%,ou
113,Gardevoir,0.89034%,ou
114,Okidogi,0.86437%,ou
115,Milotic,0.86133%,ou
116,Salamence,0.85999%,ou
117,Espeon,0.83706%,ou
118,Haxorus,0.82666%,ou
119,Mamoswine,0.81450%,ou
120,Kleavor,0.80755%,ou
121,Chandelure,0.80165%,ou
122,Ditto,0.78848%,ou
123,Jolteon,0.78466%,ou
124,Sandy Shocks,0.75736%,ou
125,Lucario,0.75464%,ou
126,Forretress,0.74465%,ou
127,Magnezone,0.72494%,ou
128,Infernape,0.71338%,ou
129,Gallade,0.70468%,ou
130,Amoonguss,0.70417%,ou
131,Whimsicott,0.69552%,ou
132,Jirachi,0.67821%,ou
133,Slowking,0.64634%,ou
134,Reuniclus,0.63897%,ou
135,Breloom,0.62567%,ou
136,Mew,0.62083%,ou
137,Gastrodon,0.61687%,ou
138,Chansey,0.61135%,ou
139,Salazzle,0.60347%,ou
140,Porygon-Z,0.58929%,ou
141,Torterra,0.58915%,ou
142,Swampert,0.58575%,ou
143,Porygon2,0.58344%,ou
144,Tentacruel,0.57884%,ou
145,Fezandipiti,0.57364%,ou
146,Snorlax,0.56696%,ou
147,Muk-Alola,0.56314%,ou
148,Sylveon,0.55301%,ou
149,Pawmot,0.52704%,ou
150,Chesnaught,0.51032%,ou
151,Regidrago,0.50434%,ou
152,Hippowdon,0.49352%,ou
153,Sableye,0.48122%,ou
154,Zapdos-Galar,0.47938%,ou
155,Feraligatr,0.46478%,ou
156,Basculegion,0.46455%,ou
157,Noivern,0.45571%,ou
158,Krookodile,0.45042%,ou
159,Staraptor,0.44549%,ou
160,Toxtricity,0.43426%,ou
161,Vileplume,0.43057%,ou
162,Quagsire,0.42500%,ou
163,Vaporeon,0.42394%,ou
164,Malamar,0.42201%,ou
165,Deoxys-Defense,0.41644%,ou
166,Thundurus,0.40935%,ou
167,Lycanroc-Dusk,0.40819%,ou
168,Crawdaunt,0.40695%,ou
169,Donphan,0.40170%,ou
170,Yanmega,0.39926%,ou
171,Overqwil,0.39415%,ou
172,Slowbro,0.39378%,ou
173,Vikavolt,0.39111%,ou
174,Sceptile,0.38393%,ou
175,Ambipom,0.38199%,ou
176,Bisharp,0.38080%,ou
177,Kilowattrel,0.36878%,ou
178,Pincurchin,0.36583%,ou
179,Scream Tail,0.35883%,ou
180,Frosmoth,0.35768%,ou
181,Bronzong,0.35570%,ou
182,Iron Jugulis,0.35031%,ou
183,Decidueye-Hisui,0.35018%,ou
184,Cyclizar,0.34884%,ou
185,Rotom-Heat,0.34705%,ou
186,Goodra,0.34682%,ou
187,Politoed,0.34304%,ou
188,Klefki,0.34175%,ou
189,Smeargle,0.34078%,ou
190,Eelektross,0.33645%,ou
191,Typhlosion-Hisui,0.33590%,ou
192,Cetitan,0.33480%,ou
193,Diancie,0.33434%,ou
194,Necrozma,0.33019%,ou
195,Hitmonlee,0.32720%,ou
196,Arcanine,0.32306%,ou
197,Dragalge,0.31426%,ou
198,Pikachu,0.31260%,ou
199,Heracross,0.31242%,ou
200,Drifblim,0.30091%,ou
201,Inteleon,0.30063%,ou
202,Scrafty,0.29653%,ou
203,Cinccino,0.29271%,ou
204,Tsareena,0.29193%,ou
205,Suicune,0.28990%,ou
206,Mienshao,0.28797%,ou
207,Grafaiai,0.28502%,ou
208,Delphox,0.28092%,ou
209,Arboliva,0.28042%,ou
210,Lapras,0.27940%,ou
211,Froslass,0.27402%,ou
212,Enamorus-Therian,0.26794%,ou
213,Brambleghast,0.26633%,ou
214,Dusclops,0.26490%,ou
215,Electivire,0.26370%,ou
216,Slowbro-Galar,0.25472%,ou
217,Scyther,0.25330%,ou
218,Flygon,0.24823%,ou
219,Zarude,0.24473%,ou
220,Wo-Chien,0.24312%,ou
221,Glastrier,0.23336%,ou
222,Electrode-Hisui,0.23290%,ou
223,Bellibolt,0.23253%,ou
224,Braviary-Hisui,0.23092%,ou
225,Azelf,0.23050%,ou
226,Entei,0.22774%,ou
227,Sandslash-Alola,0.22475%,ou
228,Leafeon,0.22185%,ou
229,Revavroom,0.21973%,ou
230,Cobalion,0.21853%,ou
231,Trevenant,0.21692%,ou
232,Minior,0.21591%,ou
233,Meloetta,0.21489%,ou
234,Basculegion-F,0.21186%,ou
235,Emboar,0.20790%,ou
236,Raikou,0.20596%,ou
237,Hitmontop,0.20453%,ou
238,Primeape,0.20320%,ou
239,Dudunsparce,0.20251%,ou
240,Decidueye,0.19938%,ou
241,Scovillain,0.19901%,ou
242,Ludicolo,0.19399%,ou
243,Spiritomb,0.19233%,ou
244,Avalugg,0.18713%,ou
245,Raichu,0.18575%,ou
246,Golurk,0.18543%,ou
247,Abomasnow,0.18441%,ou
248,Floatzel,0.18391%,ou
249,Indeedee-F,0.18068%,ou
250,Rabsca,0.17903%,ou
251,Leavanny,0.17870%,ou
252,Typhlosion,0.17856%,ou
253,Iron Leaves,0.17806%,ou
254,Raichu-Alola,0.17705%,ou
255,Luxray,0.17368%,ou
256,Orthworm,0.17092%,ou
257,Rhyperior,0.17088%,ou
258,Cryogonal,0.17069%,ou
259,Shiftry,0.16894%,ou
260,Dusknoir,0.16494%,ou
261,Exeggutor,0.15973%,ou
262,Meganium,0.15969%,ou
263,Florges,0.15835%,ou
264,Zoroark,0.15679%,ou
265,Alcremie,0.15402%,ou
266,Brute Bonnet,0.15352%,ou
267,Iron Thorns,0.15283%,ou
268,Honchkrow,0.15177%,ou
269,Masquerain,0.15085%,ou
270,Poliwrath,0.14979%,ou
271,Rampardos,0.14965%,ou
272,Altaria,0.14642%,ou
273,Avalugg-Hisui,0.14486%,ou
274,Registeel,0.14256%,ou
275,Houndoom,0.14090%,ou
276,Slaking,0.13970%,ou
277,Glaceon,0.13478%,ou
278,Munkidori,0.13468%,ou
279,Farigiraf,0.13243%,ou
280,Drednaw,0.13197%,ou
281,Houndstone,0.13174%,ou
282,Articuno-Galar,0.13100%,ou
283,Spidops,0.12888%,ou
284,Tropius,0.12861%,ou
285,Palossand,0.12727%,ou
286,Rhydon,0.12713%,ou
287,Clawitzer,0.12699%,ou
288,Mudsdale,0.12616%,ou
289,Golduck,0.12391%,ou
290,Regice,0.12359%,ou
291,Lurantis,0.12170%,ou
292,Tornadus,0.12092%,ou
293,Cramorant,0.11967%,ou
294,Mismagius,0.11843%,ou
295,Beartic,0.11778%,ou
296,Coalossal,0.11751%,ou
297,Medicham,0.11640%,ou
298,Lycanroc,0.11580%,ou
299,Morpeko,0.11539%,ou
300,Bastiodon,0.11470%,ou
301,Flamigo,0.11470%,ou
302,Toedscruel,0.11332%,ou
303,Oricorio-Pom-Pom,0.11300%,ou
304,Komala,0.11244%,ou
305,Zangoose,0.11148%,ou
306,Tauros-Paldea-Blaze,0.11129%,ou
307,Duraludon,0.11074%,ou
308,Regirock,0.11037%,ou
309,Golem-Alola,0.10811%,ou
310,Arbok,0.10802%,ou
311,Hitmonchan,0.10595%,ou
312,Exeggutor-Alola,0.10503%,ou
313,Carbink,0.10494%,ou
314,Ampharos,0.10171%,ou
315,Tatsugiri,0.10079%,ou
316,Hariyama,0.10075%,ou
317,Toucannon,0.10056%,ou
318,Weezing,0.10024%,ou
1,Excadrill,25.50026%,uu
2,Lokix,19.21489%,uu
3,Latios,18.79737%,uu
4,Greninja,15.57107%,uu
5,Skarmory,14.66841%,uu
6,Thundurus-Therian,14.63757%,uu
7,Skeledirge,14.24140%,uu
8,Ogerpon-Cornerstone,13.14007%,uu
9,Arcanine-Hisui,12.72729%,uu
10,Rotom-Wash,12.19768%,uu
11,Donphan,12.17099%,uu
12,Slowking,12.16684%,uu
13,Weavile,11.80685%,uu
14,Hydrapple,11.50853%,uu
15,Tinkaton,10.80159%,uu
16,Mandibuzz,10.46473%,uu
17,Tyranitar,9.80405%,uu
18,Fezandipiti,9.77084%,uu
19,Conkeldurr,9.59470%,uu
20,Zapdos-Galar,9.36577%,uu
21,Toxapex,9.29104%,uu
22,Clodsire,9.26910%,uu
23,Metagross,9.11312%,uu
24,Azumarill,8.96901%,uu
25,Sandy Shocks,7.84751%,uu
26,Sinistcha,7.62748%,uu
27,Keldeo,7.32442%,uu
28,Serperior,6.36721%,uu
29,Cobalion,6.22250%,uu
30,Revavroom,6.18454%,uu
31,Zarude,5.84649%,uu
32,Slither Wing,5.42185%,uu
33,Ogerpon,5.35009%,uu
34,Iron Jugulis,5.23266%,uu
35,Salamence,4.85962%,uu
36,Manaphy,4.21732%,uu
37,Hawlucha,4.06194%,uu
38,Comfey,4.01983%,uu
39,Gengar,3.89351%,uu
40,Zoroark-Hisui,3.75651%,uu
41,Mew,3.64560%,uu
42,Hydreigon,3.61714%,uu
43,Ninetales-Alola,3.49022%,uu
44,Haxorus,3.33543%,uu
45,Hippowdon,3.33246%,uu
46,Gyarados,3.24410%,uu
47,Talonflame,3.10769%,uu
48,Blastoise,2.98967%,uu
49,Blissey,2.84081%,uu
50,Mamoswine,2.77794%,uu
51,Forretress,2.76845%,uu
52,Goodra-Hisui,2.71982%,uu
53,Politoed,2.71923%,uu
54,Maushold,2.56740%,uu
55,Volcanion,2.56325%,uu
56,Jirachi,2.48319%,uu
57,Grimmsnarl,2.47666%,uu
58,Mimikyu,2.37465%,uu
59,Gardevoir,2.34678%,uu
60,Ribombee,2.25367%,uu
61,Espeon,2.22164%,uu
62,Kleavor,2.19911%,uu
63,Gastrodon,2.17953%,uu
64,Araquanid,2.08879%,uu
65,Armarouge,2.04609%,uu
66,Chesnaught,1.88478%,uu
67,Torkoal,1.85572%,uu
68,Enamorus-Therian,1.85275%,uu
69,Magnezone,1.83674%,uu
70,Cyclizar,1.81776%,uu
71,Gallade,1.79938%,uu
72,Umbreon,1.78277%,uu
73,Galvantula,1.77862%,uu
74,Chandelure,1.74244%,uu
75,Reuniclus,1.73829%,uu
76,Cloyster,1.70686%,uu
77,Venusaur,1.69262%,uu
78,Rhyperior,1.60663%,uu
79,Iron Leaves,1.60485%,uu
80,Indeedee,1.58943%,uu
81,Thundurus,1.57697%,uu
82,Barraskewda,1.50106%,uu
83,Yanmega,1.49276%,uu
84,Krookodile,1.45243%,uu
85,Bisharp,1.40083%,uu
86,Noivern,1.38067%,uu
87,Ninetales,1.37177%,uu
88,Slowbro,1.35398%,uu
89,Salazzle,1.33559%,uu
90,Incineroar,1.30772%,uu
91,Muk-Alola,1.30001%,uu
92,Jolteon,1.29111%,uu
93,Swampert,1.28518%,uu
94,Infernape,1.22588%,uu
95,Empoleon,1.21995%,uu
96,Entei,1.20215%,uu
97,Breloom,1.18436%,uu
98,Tentacruel,1.15945%,uu
99,Quagsire,1.13573%,uu
100,Lilligant-Hisui,1.09955%,uu
101,Milotic,1.07168%,uu
102,Ambipom,1.06338%,uu
103,Lucario,1.03728%,uu
104,Lycanroc-Dusk,1.03372%,uu
105,Charizard,0.99339%,uu
106,Heracross,0.98746%,uu
107,Suicune,0.97086%,uu
108,Whimsicott,0.96374%,uu
109,Feraligatr,0.96315%,uu
110,Toxicroak,0.95840%,uu
111,Crawdaunt,0.94891%,uu
112,Basculegion,0.93171%,uu
113,Flygon,0.92638%,uu
114,Basculegion-F,0.92519%,uu
115,Mienshao,0.92163%,uu
116,Sylveon,0.90977%,uu
117,Snorlax,0.90443%,uu
118,Tsareena,0.89672%,uu
119,Diancie,0.87834%,uu
120,Regidrago,0.87774%,uu
121,Deoxys-Defense,0.87597%,uu
122,Oricorio-Pom-Pom,0.86529%,uu
123,Scream Tail,0.85165%,uu
124,Cetitan,0.82259%,uu
125,Hitmonlee,0.80124%,uu
126,Brambleghast,0.78760%,uu
127,Necrozma,0.76743%,uu
128,Chansey,0.76032%,uu
129,Vaporeon,0.74134%,uu
130,Cresselia,0.72770%,uu
131,Azelf,0.72533%,uu
132,Torterra,0.70516%,uu
133,Arcanine,0.69152%,uu
134,Kilowattrel,0.68262%,uu
135,Ditto,0.68262%,uu
136,Braviary-Hisui,0.67669%,uu
137,Toxtricity,0.67432%,uu
138,Porygon2,0.67017%,uu
139,Pincurchin,0.65831%,uu
140,Porygon-Z,0.64526%,uu
141,Raikou,0.63992%,uu
142,Tornadus-Therian,0.61857%,uu
143,Klefki,0.61620%,uu
144,Kingdra,0.61086%,uu
145,Cinccino,0.59426%,uu
146,Pawmot,0.59307%,uu
147,Typhlosion-Hisui,0.55689%,uu
148,Tauros-Paldea-Aqua,0.55215%,uu
149,Primeape,0.55096%,uu
150,Iron Thorns,0.54918%,uu
151,Avalugg,0.53198%,uu
152,Masquerain,0.53139%,uu
153,Rotom-Heat,0.52902%,uu
154,Goodra,0.52487%,uu
155,Sandslash-Alola,0.52487%,uu
156,Bellibolt,0.52190%,uu
157,Heatran,0.51182%,uu
158,Hitmontop,0.50767%,uu
159,Staraptor,0.49343%,uu
160,Decidueye,0.48572%,uu
161,Houndstone,0.47030%,uu
162,Amoonguss,0.45904%,uu
163,Scrafty,0.44895%,uu
164,Drifblim,0.44836%,uu
165,Gligar,0.43531%,uu
166,Sableye,0.43531%,uu
167,Bronzong,0.43472%,uu
168,Vikavolt,0.42405%,uu
169,Malamar,0.42345%,uu
170,Eelektross,0.41871%,uu
171,Sceptile,0.41456%,uu
172,Tornadus,0.41337%,uu
173,Terrakion,0.41040%,uu
174,Dragalge,0.40863%,uu
175,Electrode-Hisui,0.39024%,uu
176,Toucannon,0.38965%,uu
177,Frosmoth,0.38075%,uu
178,Golurk,0.37541%,uu
179,Orthworm,0.36652%,uu
180,Lapras,0.36474%,uu
181,Slowbro-Galar,0.36237%,uu
182,Delphox,0.36118%,uu
183,Smeargle,0.35644%,uu
184,Beartic,0.35584%,uu
185,Arboliva,0.35228%,uu
186,Shiftry,0.34873%,uu
187,Decidueye-Hisui,0.34635%,uu
188,Inteleon,0.34457%,uu
189,Avalugg-Hisui,0.34457%,uu
190,Scyther,0.33271%,uu
191,Drednaw,0.31907%,uu
192,Exeggutor-Alola,0.31907%,uu
193,Grafaiai,0.31907%,uu
194,Coalossal,0.31907%,uu
195,Registeel,0.31077%,uu
196,Cryogonal,0.30899%,uu
197,Spidops,0.29891%,uu
198,Scovillain,0.29713%,uu
199,Electivire,0.29713%,uu
200,Luxray,0.29535%,uu
201,Duraludon,0.29535%,uu
202,Dudunsparce,0.29476%,uu
203,Thwackey,0.29060%,uu
204,Vileplume,0.29060%,uu
205,Tauros-Paldea-Blaze,0.29001%,uu
206,Lycanroc,0.28764%,uu
207,Overqwil,0.28764%,uu
208,Emboar,0.28764%,uu
209,Rhydon,0.28586%,uu
210,Weezing,0.28527%,uu
211,Dusclops,0.28112%,uu
212,Dewgong,0.28112%,uu
213,Seviper,0.27637%,uu
214,Glastrier,0.27341%,uu
215,Florges,0.27341%,uu
216,Honchkrow,0.27103%,uu
217,Froslass,0.26570%,uu
218,Raichu-Alola,0.25917%,uu
219,Pikachu,0.25502%,uu
220,Leafeon,0.25028%,uu
221,Whiscash,0.24375%,uu
222,Dusknoir,0.23960%,uu
223,Ludicolo,0.23782%,uu
224,Hitmonchan,0.23664%,uu
225,Tatsugiri,0.23486%,uu
226,Meloetta,0.23130%,uu
227,Magneton,0.22833%,uu
228,Bastiodon,0.22774%,uu
229,Hoopa,0.22418%,uu
230,Eiscue,0.21944%,uu
231,Munkidori,0.21944%,uu
232,Exeggutor,0.21884%,uu
233,Minior,0.21884%,uu
234,Arbok,0.21884%,uu
235,Ursaring,0.21766%,uu
236,Tauros,0.21766%,uu
237,Golem,0.21647%,uu
238,Flareon,0.21528%,uu
239,Altaria,0.20995%,uu
240,Mismagius,0.20935%,uu
241,Wo-Chien,0.20876%,uu
242,Palossand,0.20817%,uu
243,Poliwrath,0.20046%,uu
244,Cramorant,0.20046%,uu
245,Abomasnow,0.19809%,uu
246,Houndoom,0.19631%,uu
247,Floatzel,0.19512%,uu
248,Golduck,0.19038%,uu
249,Mudsdale,0.18978%,uu
250,Oricorio-Sensu,0.18741%,uu
251,Rotom-Mow,0.18741%,uu
252,Volbeat,0.18682%,uu
253,Sandaconda,0.18622%,uu
254,Spiritomb,0.18326%,uu
255,Zoroark,0.17792%,uu
256,Slaking,0.17733%,uu
257,Alcremie,0.17733%,uu
258,Mabosstiff,0.17199%,uu
259,Ariados,0.17199%,uu
260,Typhlosion,0.16843%,uu
261,Regirock,0.16843%,uu
262,Persian-Alola,0.16487%,uu
263,Zebstrika,0.16369%,uu
264,Carbink,0.16013%,uu
265,Hariyama,0.15776%,uu
266,Uxie,0.15598%,uu
267,Cacturne,0.15479%,uu
268,Raichu,0.15479%,uu
269,Farigiraf,0.15361%,uu
270,Leavanny,0.15183%,uu
271,Rabsca,0.15183%,uu
272,Glimmet,0.14708%,uu
273,Rampardos,0.14530%,uu
274,Zangoose,0.14115%,uu
275,Flapple,0.13581%,uu
276,Articuno,0.13522%,uu
277,Golem-Alola,0.13463%,uu
278,Indeedee-F,0.13285%,uu
279,Virizion,0.13166%,uu
280,Articuno-Galar,0.13107%,uu
281,Brute Bonnet,0.12810%,uu
282,Trevenant,0.12692%,uu
283,Granbull,0.12395%,uu
284,Flamigo,0.12336%,uu
285,Toedscruel,0.12277%,uu
286,Glaceon,0.12039%,uu
287,Meganium,0.11743%,uu
288,Gurdurr,0.11743%,uu
289,Lanturn,0.11683%,uu
290,Regice,0.11506%,uu
291,Hattrem,0.11328%,uu
292,Tropius,0.11209%,uu
293,Falinks,0.11209%,uu
294,Ampharos,0.11150%,uu
295,Oinkologne,0.10853%,uu
296,Sudowoodo,0.10794%,uu
297,Medicham,0.10675%,uu
298,Magmortar,0.10557%,uu
299,Victreebel,0.10142%,uu
300,Sandslash,0.10023%,uu
301,Lurantis,0.10023%,uu
1,Cyclizar,18.78773%,ru
2,Gengar,17.49909%,ru
3,Talonflame,15.71419%,ru
4,Armarouge,13.87212%,ru
5,Krookodile,13.75778%,ru
6,Chesnaught,13.69146%,ru
7,Slowbro,13.52337%,ru
8,Noivern,12.99396%,ru
9,Goodra-Hisui,12.48857%,ru
10,Kleavor,12.41882%,ru
11,Bisharp,12.39137%,ru
12,Crawdaunt,12.36279%,ru
13,Mimikyu,12.04949%,ru
14,Jirachi,12.03348%,ru
15,Forretress,11.86883%,ru
16,Lilligant-Hisui,11.17934%,ru
17,Entei,10.13195%,ru
18,Maushold,9.60254%,ru
19,Quagsire,9.40816%,ru
20,Gallade,9.25837%,ru
21,Mamoswine,9.11315%,ru
22,Muk-Alola,9.10286%,ru
23,Empoleon,8.59518%,ru
24,Gardevoir,8.56316%,ru
25,Hippowdon,7.90569%,ru
26,Magnezone,7.73989%,ru
27,Basculegion-F,7.44832%,ru
28,Mienshao,7.39458%,ru
29,Umbreon,6.84573%,ru
30,Gastrodon,6.53471%,ru
31,Lycanroc-Dusk,6.14823%,ru
32,Blissey,6.02703%,ru
33,Mew,5.94013%,ru
34,Ribombee,5.67142%,ru
35,Diancie,5.43359%,ru
36,Politoed,5.12944%,ru
37,Registeel,4.83900%,ru
38,Porygon-Z,4.71551%,ru
39,Reuniclus,4.66863%,ru
40,Suicune,4.63433%,ru
41,Breloom,4.49598%,ru
42,Regidrago,4.39307%,ru
43,Feraligatr,4.21240%,ru
44,Deoxys-Defense,4.12550%,ru
45,Cloyster,3.90368%,ru
46,Espeon,3.89224%,ru
47,Lucario,3.79505%,ru
48,Flygon,3.67156%,ru
49,Barraskewda,3.28279%,ru
50,Torkoal,3.26450%,ru
51,Azelf,3.13072%,ru
52,Infernape,3.00037%,ru
53,Terrakion,2.97178%,ru
54,Necrozma,2.95920%,ru
55,Raikou,2.92719%,ru
56,Chansey,2.85972%,ru
57,Araquanid,2.82199%,ru
58,Galvantula,2.72137%,ru
59,Ninetales,2.66877%,ru
60,Venusaur,2.51098%,ru
61,Tsareena,2.47096%,ru
62,Rhyperior,2.45609%,ru
63,Chandelure,2.44809%,ru
64,Kilowattrel,2.44008%,ru
65,Torterra,2.39778%,ru
66,Salazzle,2.39092%,ru
67,Hitmonlee,2.25714%,ru
68,Cresselia,2.23312%,ru
69,Tentacruel,2.23312%,ru
70,Swampert,2.15423%,ru
71,Tornadus,2.05132%,ru
72,Wo-Chien,1.97814%,ru
73,Iron Thorns,1.87980%,ru
74,Toxtricity,1.87180%,ru
75,Milotic,1.84321%,ru
76,Brambleghast,1.82149%,ru
77,Bellibolt,1.79405%,ru
78,Flamigo,1.67970%,ru
79,Rotom-Heat,1.67627%,ru
80,Arcanine,1.64426%,ru
81,Ninetales-Alola,1.63854%,ru
82,Incineroar,1.62596%,ru
83,Vaporeon,1.61681%,ru
84,Sableye,1.57794%,ru
85,Staraptor,1.56422%,ru
86,Typhlosion-Hisui,1.52191%,ru
87,Heracross,1.45902%,ru
88,Grimmsnarl,1.45330%,ru
89,Toxicroak,1.43272%,ru
90,Jolteon,1.41328%,ru
91,Overqwil,1.39727%,ru
92,Indeedee,1.32181%,ru
93,Kingdra,1.32066%,ru
94,Scyther,1.30809%,ru
95,Whimsicott,1.30466%,ru
96,Klefki,1.29780%,ru
97,Amoonguss,1.28179%,ru
98,Cinccino,1.27950%,ru
99,Oricorio-Sensu,1.23376%,ru
100,Decidueye-Hisui,1.22690%,ru
101,Scrafty,1.16630%,ru
102,Scream Tail,1.16630%,ru
103,Sylveon,1.10227%,ru
104,Ambipom,1.08512%,ru
105,Braviary-Hisui,1.05767%,ru
106,Gligar,1.01422%,ru
107,Articuno-Galar,1.00393%,ru
108,Houndstone,1.00393%,ru
109,Pawmot,0.97992%,ru
110,Vileplume,0.97878%,ru
111,Cetitan,0.96963%,ru
112,Basculegion,0.94447%,ru
113,Charizard,0.92046%,ru
114,Grafaiai,0.91818%,ru
115,Golurk,0.89188%,ru
116,Vikavolt,0.88616%,ru
117,Porygon2,0.87244%,ru
118,Bronzong,0.86329%,ru
119,Minior,0.83471%,ru
120,Froslass,0.82899%,ru
121,Zapdos-Galar,0.80955%,ru
122,Exeggutor,0.79469%,ru
123,Tatsugiri,0.78325%,ru
124,Inteleon,0.76610%,ru
125,Arboliva,0.75695%,ru
126,Altaria,0.75467%,ru
127,Primeape,0.75352%,ru
128,Lycanroc,0.74780%,ru
129,Volcanion,0.73523%,ru
130,Ditto,0.72951%,ru
131,Drednaw,0.71465%,ru
132,Mudsdale,0.66319%,ru
133,Palossand,0.63117%,ru
134,Orthworm,0.62774%,ru
135,Poliwrath,0.62431%,ru
136,Scovillain,0.61402%,ru
137,Decidueye,0.59687%,ru
138,Thwackey,0.59687%,ru
139,Munkidori,0.59344%,ru
140,Zoroark,0.58887%,ru
141,Dragalge,0.58429%,ru
142,Weezing,0.58429%,ru
143,Hariyama,0.54999%,ru
144,Hitmontop,0.52712%,ru
145,Goodra,0.52255%,ru
146,Leafeon,0.51912%,ru
147,Snorlax,0.51797%,ru
148,Electrode-Hisui,0.51111%,ru
149,Malamar,0.50654%,ru
150,Smeargle,0.50197%,ru
151,Gyarados,0.49511%,ru
152,Tauros-Paldea-Aqua,0.49053%,ru
153,Slowbro-Galar,0.48482%,ru
154,Glastrier,0.48482%,ru
155,Frosmoth,0.48367%,ru
156,Sceptile,0.48024%,ru
157,Emboar,0.47452%,ru
158,Mismagius,0.47224%,ru
159,Delphox,0.46652%,ru
160,Rhydon,0.44823%,ru
161,Tauros-Paldea-Blaze,0.44022%,ru
162,Hoopa,0.41850%,ru
163,Eelektross,0.41164%,ru
164,Cramorant,0.40592%,ru
165,Avalugg,0.40363%,ru
166,Typhlosion,0.40020%,ru
167,Rotom-Mow,0.39906%,ru
168,Shaymin,0.39906%,ru
169,Copperajah,0.38648%,ru
170,Houndoom,0.38419%,ru
171,Farigiraf,0.37390%,ru
172,Alcremie,0.36819%,ru
173,Coalossal,0.36475%,ru
174,Meloetta,0.36018%,ru
175,Avalugg-Hisui,0.35561%,ru
176,Cacturne,0.35332%,ru
177,Regice,0.34875%,ru
178,Brute Bonnet,0.34189%,ru
179,Articuno,0.33731%,ru
180,Flareon,0.33160%,ru
181,Drifblim,0.33160%,ru
182,Shiftry,0.32702%,ru
183,Sandslash-Alola,0.32588%,ru
184,Floatzel,0.32588%,ru
185,Florges,0.32588%,ru
186,Spiritomb,0.32473%,ru
187,Sawsbuck,0.31902%,ru
188,Luxray,0.31787%,ru
189,Duraludon,0.31330%,ru
190,Dudunsparce,0.31330%,ru
191,Indeedee-F,0.30873%,ru
192,Abomasnow,0.30187%,ru
193,Regirock,0.30072%,ru
194,Magcargo,0.29844%,ru
195,Raichu-Alola,0.29844%,ru
196,Exeggutor-Alola,0.29615%,ru
197,Cryogonal,0.29386%,ru
198,Ludicolo,0.29386%,ru
199,Pincurchin,0.29158%,ru
200,Rampardos,0.29158%,ru
201,Virizion,0.28243%,ru
202,Morpeko,0.27099%,ru
203,Arbok,0.26756%,ru
204,Beartic,0.26070%,ru
205,Trevenant,0.25041%,ru
206,Bombirdier,0.24812%,ru
207,Komala,0.24812%,ru
208,Hattrem,0.24584%,ru
209,Sandslash,0.23898%,ru
210,Electivire,0.23783%,ru
211,Passimian,0.22640%,ru
212,Falinks,0.22411%,ru
213,Dusknoir,0.22068%,ru
214,Oricorio,0.21954%,ru
215,Lapras,0.21497%,ru
216,Gogoat,0.21382%,ru
217,Eiscue,0.21268%,ru
218,Toedscruel,0.21153%,ru
219,Sandaconda,0.20696%,ru
220,Victreebel,0.20467%,ru
221,Dusclops,0.20353%,ru
222,Tauros,0.20124%,ru
223,Braviary,0.19896%,ru
224,Regigigas,0.19896%,ru
225,Masquerain,0.19667%,ru
226,Pikachu,0.19553%,ru
227,Muk,0.19553%,ru
228,Piloswine,0.18867%,ru
229,Gurdurr,0.18181%,ru
230,Tropius,0.18181%,ru
231,Servine,0.17609%,ru
232,Hitmonchan,0.17380%,ru
233,Venomoth,0.16694%,ru
234,Clawitzer,0.16580%,ru
235,Slaking,0.16237%,ru
236,Ampharos,0.16122%,ru
237,Ursaring,0.16008%,ru
238,Lurantis,0.15665%,ru
239,Honchkrow,0.15551%,ru
240,Swalot,0.15322%,ru
241,Golem-Alola,0.14407%,ru
242,Granbull,0.14179%,ru
243,Klawf,0.14064%,ru
244,Rotom-Frost,0.13836%,ru
245,Mightyena,0.13721%,ru
246,Dachsbun,0.13607%,ru
247,Medicham,0.13264%,ru
248,Golem,0.13035%,ru
249,Magneton,0.12806%,ru
250,Glaceon,0.12806%,ru
251,Leavanny,0.11892%,ru
252,Magmortar,0.11777%,ru
253,Crabominable,0.11663%,ru
254,Persian-Alola,0.11549%,ru
255,Toucannon,0.11549%,ru
256,Appletun,0.11434%,ru
257,Meowstic,0.11206%,ru
258,Banette,0.10977%,ru
259,Dewgong,0.10977%,ru
260,Meganium,0.10748%,ru
261,Lanturn,0.10748%,ru
262,Golduck,0.10748%,ru
263,Zangoose,0.10748%,ru
264,Dodrio,0.10748%,ru
265,Zebstrika,0.10748%,ru
266,Electrode,0.10634%,ru
267,Bastiodon,0.10520%,ru
268,Wigglytuff,0.10405%,ru
269,Bellossom,0.10291%,ru
270,Magmar,0.10291%,ru
271,Squawkabilly,0.10177%,ru
272,Chimecho,0.10177%,ru
273,Spidops,0.10062%,ru
1,Flygon,21.61511%,nu
2,Incineroar,19.41001%,nu
3,Chandelure,16.84261%,nu
4,Bronzong,13.96072%,nu
5,Cinccino,12.74322%,nu
6,Tsareena,12.06643%,nu
7,Swampert,11.36573%,nu
8,Munkidori,11.21492%,nu
9,Infernape,10.39467%,nu
10,Toxtricity,10.33214%,nu
11,Breloom,10.24387%,nu
12,Vaporeon,10.17950%,nu
13,Brambleghast,10.04156%,nu
14,Klefki,9.96800%,nu
15,Araquanid,9.60202%,nu
16,Tentacruel,9.40155%,nu
17,Terrakion,9.08155%,nu
18,Scyther,8.96200%,nu
19,Tornadus,8.95833%,nu
20,Flamigo,8.93626%,nu
21,Basculegion,8.80384%,nu
22,Galvantula,8.68430%,nu
23,Raikou,8.66039%,nu
24,Ribombee,8.63648%,nu
25,Bellibolt,8.60338%,nu
26,Duraludon,8.47832%,nu
27,Staraptor,8.19142%,nu
28,Sylveon,7.84014%,nu
29,Copperajah,7.53301%,nu
30,Gligar,7.48336%,nu
31,Scrafty,7.42450%,nu
32,Rhyperior,7.15967%,nu
33,Overqwil,7.05852%,nu
34,Barraskewda,6.89300%,nu
35,Scream Tail,6.88380%,nu
36,Articuno-Galar,6.80840%,nu
37,Kilowattrel,6.69989%,nu
38,Tauros-Paldea-Aqua,6.49391%,nu
39,Espeon,6.21805%,nu
40,Altaria,6.12241%,nu
41,Houndstone,5.99735%,nu
42,Vileplume,5.54493%,nu
43,Decidueye,5.33711%,nu
44,Inteleon,4.78170%,nu
45,Avalugg,4.77802%,nu
46,Grafaiai,4.53893%,nu
47,Slowbro-Galar,4.51135%,nu
48,Meloetta,4.48008%,nu
49,Heracross,4.20605%,nu
50,Torterra,4.03502%,nu
51,Wo-Chien,3.85478%,nu
52,Dragalge,3.79777%,nu
53,Dudunsparce,3.57892%,nu
54,Ninetales-Alola,3.39317%,nu
55,Goodra,3.38397%,nu
56,Azelf,3.32696%,nu
57,Hitmonlee,3.24420%,nu
58,Kingdra,3.22213%,nu
59,Thwackey,3.18902%,nu
60,Indeedee,3.09707%,nu
61,Toxicroak,2.85982%,nu
62,Milotic,2.80281%,nu
63,Uxie,2.61890%,nu
64,Brute Bonnet,2.55269%,nu
65,Ambipom,2.40372%,nu
66,Drednaw,2.38717%,nu
67,Zoroark,2.38349%,nu
68,Braviary,2.34303%,nu
69,Porygon2,2.24740%,nu
70,Hitmontop,2.24556%,nu
71,Braviary-Hisui,2.06900%,nu
72,Cramorant,2.00463%,nu
73,Sandslash-Alola,2.00463%,nu
74,Grimmsnarl,1.92187%,nu
75,Snorlax,1.89797%,nu
76,Venusaur,1.84647%,nu
77,Frosmoth,1.83544%,nu
78,Hoopa,1.82624%,nu
79,Typhlosion-Hisui,1.79681%,nu
80,Arcanine,1.77107%,nu
81,Tatsugiri,1.70302%,nu
82,Drifblim,1.69750%,nu
83,Amoonguss,1.64233%,nu
84,Whimsicott,1.57244%,nu
85,Rotom-Heat,1.54853%,nu
86,Ditto,1.48784%,nu
87,Coalossal,1.46026%,nu
88,Jolteon,1.41980%,nu
89,Mudsdale,1.38669%,nu
90,Delphox,1.38669%,nu
91,Diancie,1.25060%,nu
92,Scovillain,1.25060%,nu
93,Pawmot,1.24876%,nu
94,Avalugg-Hisui,1.20646%,nu
95,Orthworm,1.16416%,nu
96,Decidueye-Hisui,1.15496%,nu
97,Minior,1.13841%,nu
98,Salazzle,1.11634%,nu
99,Golurk,1.11083%,nu
100,Sandaconda,1.07956%,nu
101,Florges,1.06853%,nu
102,Hariyama,1.03910%,nu
103,Lycanroc,1.01887%,nu
104,Primeape,1.00967%,nu
105,Palossand,1.00967%,nu
106,Magneton,0.98393%,nu
107,Malamar,0.96737%,nu
108,Froslass,0.85703%,nu
109,Arboliva,0.84415%,nu
110,Tauros-Paldea-Blaze,0.84048%,nu
111,Bombirdier,0.84048%,nu
112,Lapras,0.81841%,nu
113,Sceptile,0.77795%,nu
114,Glastrier,0.75588%,nu
115,Eelektross,0.75036%,nu
116,Ludicolo,0.71358%,nu
117,Electrode-Hisui,0.70070%,nu
118,Poliwrath,0.69519%,nu
119,Rampardos,0.67863%,nu
120,Sableye,0.66208%,nu
121,Diplin,0.62530%,nu
122,Farigiraf,0.61794%,nu
123,Oricorio,0.61059%,nu
124,Mismagius,0.60139%,nu
125,Vikavolt,0.59587%,nu
126,Articuno,0.59587%,nu
127,Regice,0.59219%,nu
128,Lilligant-Hisui,0.58300%,nu
129,Sandslash,0.57748%,nu
130,Cryogonal,0.56461%,nu
131,Charizard,0.56461%,nu
132,Komala,0.55909%,nu
133,Rhydon,0.55357%,nu
134,Dusknoir,0.54622%,nu
135,Hitmonchan,0.51127%,nu
136,Torkoal,0.49288%,nu
137,Toedscruel,0.48737%,nu
138,Electivire,0.48001%,nu
139,Rotom-Frost,0.47817%,nu
140,Emboar,0.47081%,nu
141,Qwilfish,0.46346%,nu
142,Abomasnow,0.45426%,nu
143,Zebstrika,0.45058%,nu
144,Clawitzer,0.43219%,nu
145,Bastiodon,0.42300%,nu
146,Magcargo,0.42300%,nu
147,Persian-Alola,0.42116%,nu
148,Leafeon,0.41932%,nu
149,Floatzel,0.41748%,nu
150,Regirock,0.41748%,nu
151,Cacturne,0.40828%,nu
152,Arbok,0.40828%,nu
153,Houndoom,0.40644%,nu
154,Weezing,0.40644%,nu
155,Honchkrow,0.40093%,nu
156,Flareon,0.39725%,nu
157,Bruxish,0.38070%,nu
158,Alcremie,0.38070%,nu
159,Swalot,0.37886%,nu
160,Falinks,0.37334%,nu
161,Electrode,0.36966%,nu
162,Rabsca,0.36782%,nu
163,Golem,0.36598%,nu
164,Shiftry,0.36231%,nu
165,Appletun,0.35495%,nu
166,Shaymin,0.34943%,nu
167,Pikachu,0.34391%,nu
168,Slaking,0.34208%,nu
169,Perrserker,0.33656%,nu
170,Leavanny,0.33288%,nu
171,Qwilfish-Hisui,0.32552%,nu
172,Morpeko,0.32001%,nu
173,Golem-Alola,0.31817%,nu
174,Mesprit,0.31633%,nu
175,Tauros,0.30161%,nu
176,Bellossom,0.29978%,nu
177,Zangoose,0.29794%,nu
178,Venomoth,0.29610%,nu
179,Dodrio,0.28874%,nu
180,Muk,0.27955%,nu
181,Rotom-Mow,0.27771%,nu
182,Hattrem,0.27771%,nu
183,Typhlosion,0.27403%,nu
184,Exeggutor-Alola,0.27035%,nu
185,Skuntank,0.26299%,nu
186,Trevenant,0.26299%,nu
187,Gurdurr,0.26299%,nu
188,Raichu-Alola,0.25748%,nu
189,Crocalor,0.25564%,nu
190,Veluza,0.25012%,nu
191,Furret,0.24644%,nu
192,Dachsbun,0.24276%,nu
193,Indeedee-F,0.24092%,nu
194,Naclstack,0.24092%,nu
195,Dusclops,0.23541%,nu
196,Ursaring,0.23541%,nu
197,Oinkologne,0.22989%,nu
198,Smeargle,0.22069%,nu
199,Dugtrio-Alola,0.21885%,nu
200,Illumise,0.21885%,nu
201,Noctowl,0.20966%,nu
202,Piloswine,0.20598%,nu
203,Toucannon,0.20414%,nu
204,Pincurchin,0.19862%,nu
205,Luxray,0.19862%,nu
206,Passimian,0.19679%,nu
207,Sneasel,0.19679%,nu
208,Medicham,0.19495%,nu
209,Glaceon,0.19495%,nu
210,Granbull,0.19495%,nu
211,Probopass,0.19495%,nu
212,Whiscash,0.19311%,nu
213,Golduck,0.19311%,nu
214,Servine,0.19311%,nu
215,Carbink,0.18391%,nu
216,Beartic,0.18207%,nu
217,Mabosstiff,0.18207%,nu
218,Lanturn,0.17288%,nu
219,Crabominable,0.17288%,nu
220,Regigigas,0.17104%,nu
221,Ariados,0.16736%,nu
222,Eiscue,0.16552%,nu
223,Volbeat,0.16368%,nu
224,Grookey,0.16368%,nu
225,Vivillon,0.16184%,nu
226,Spidops,0.16184%,nu
227,Persian,0.15816%,nu
228,Dugtrio,0.15265%,nu
229,Samurott,0.15265%,nu
230,Chimecho,0.14897%,nu
231,Spiritomb,0.14897%,nu
232,Klawf,0.14713%,nu
233,Virizion,0.14713%,nu
234,Sudowoodo,0.14161%,nu
235,Lycanroc-Midnight,0.14161%,nu
236,Exeggutor,0.14161%,nu
237,Ampharos,0.13793%,nu
238,Basculin,0.13609%,nu
239,Haunter,0.13426%,nu
240,Wartortle,0.12874%,nu
241,Masquerain,0.12690%,nu
242,Glimmet,0.12690%,nu
243,Vespiquen,0.12506%,nu
244,Dedenne,0.12322%,nu
245,Delibird,0.12138%,nu
246,Stonjourner,0.11770%,nu
247,Mightyena,0.11770%,nu
248,Combusken,0.11586%,nu
249,Pyroar,0.11219%,nu
250,Jumpluff,0.11035%,nu
251,Hippopotas,0.11035%,nu
252,Flapple,0.11035%,nu
253,Dewgong,0.10851%,nu
254,Meganium,0.10667%,nu
255,Lurantis,0.10667%,nu
256,Magmortar,0.10667%,nu
257,Camerupt,0.10483%,nu
1,Milotic,19.42621%,pu
2,Ambipom,18.81523%,pu
3,Espeon,16.53448%,pu
4,Sandslash-Alola,13.80972%,pu
5,Mudsdale,13.59151%,pu
6,Florges,13.05453%,pu
7,Arcanine,12.85150%,pu
8,Tatsugiri,12.38283%,pu
9,Salazzle,12.01662%,pu
10,Rhydon,11.96539%,pu
11,Decidueye-Hisui,11.66559%,pu
12,Frosmoth,11.45308%,pu
13,Rotom-Heat,11.06410%,pu
14,Goodra,11.04512%,pu
15,Pawmot,10.68650%,pu
16,Avalugg-Hisui,10.57076%,pu
17,Ninetales-Alola,10.33547%,pu
18,Qwilfish-Hisui,9.99393%,pu
19,Amoonguss,9.82316%,pu
20,Hoopa,9.30325%,pu
21,Cramorant,9.08315%,pu
22,Hariyama,8.88391%,pu
23,Grimmsnarl,8.80043%,pu
24,Bruxish,8.77576%,pu
25,Uxie,8.56704%,pu
26,Zoroark,8.37729%,pu
27,Coalossal,7.86308%,pu
28,Hitmonlee,7.62590%,pu
29,Golurk,7.62020%,pu
30,Typhlosion-Hisui,7.55759%,pu
31,Braviary-Hisui,6.95989%,pu
32,Heracross,6.95230%,pu
33,Bombirdier,6.87450%,pu
34,Tauros-Paldea-Blaze,6.78342%,pu
35,Palossand,6.65060%,pu
36,Delphox,6.06429%,pu
37,Dudunsparce,5.53489%,pu
38,Qwilfish,5.06432%,pu
39,Porygon2,4.60704%,pu
40,Kingdra,4.20098%,pu
41,Jolteon,4.13836%,pu
42,Mismagius,3.96000%,pu
43,Hitmontop,3.92774%,pu
44,Skuntank,3.89169%,pu
45,Braviary,3.77785%,pu
46,Venusaur,3.60897%,pu
47,Floatzel,3.55964%,pu
48,Brute Bonnet,3.46666%,pu
49,Electrode-Hisui,3.33194%,pu
50,Grafaiai,3.08337%,pu
51,Malamar,2.92019%,pu
52,Vikavolt,2.79686%,pu
53,Minior,2.77788%,pu
54,Emboar,2.70009%,pu
55,Shaymin,2.67352%,pu
56,Orthworm,2.50655%,pu
57,Alcremie,2.49896%,pu
58,Thwackey,2.45721%,pu
59,Drifblim,2.33767%,pu
60,Primeape,2.26367%,pu
61,Whimsicott,2.25988%,pu
62,Sneasel,2.23141%,pu
63,Snorlax,2.09290%,pu
64,Sceptile,2.04926%,pu
65,Toedscruel,2.04546%,pu
66,Rotom-Mow,1.96956%,pu
67,Magneton,1.91833%,pu
68,Leavanny,1.89936%,pu
69,Passimian,1.78741%,pu
70,Bastiodon,1.77792%,pu
71,Venomoth,1.75515%,pu
72,Arboliva,1.69823%,pu
73,Indeedee-F,1.65079%,pu
74,Froslass,1.64130%,pu
75,Spidops,1.62423%,pu
76,Poliwrath,1.61853%,pu
77,Oricorio,1.61474%,pu
78,Persian-Alola,1.57110%,pu
79,Muk,1.54074%,pu
80,Lycanroc,1.52746%,pu
81,Glastrier,1.51987%,pu
82,Clawitzer,1.51417%,pu
83,Honchkrow,1.49899%,pu
84,Smeargle,1.49899%,pu
85,Sandaconda,1.46674%,pu
86,Komala,1.44207%,pu
87,Charizard,1.44017%,pu
88,Lurantis,1.43069%,pu
89,Regirock,1.41930%,pu
90,Masquerain,1.39463%,pu
91,Weezing,1.39084%,pu
92,Ditto,1.38135%,pu
93,Lanturn,1.36807%,pu
94,Rotom,1.33961%,pu
95,Sableye,1.33771%,pu
96,Farigiraf,1.33202%,pu
97,Rampardos,1.33202%,pu
98,Sneasel-Hisui,1.33012%,pu
99,Morpeko,1.28079%,pu
100,Zangoose,1.26561%,pu
101,Virizion,1.25802%,pu
102,Shiftry,1.22576%,pu
103,Tauros,1.19161%,pu
104,Sandslash,1.14796%,pu
105,Cryogonal,1.14227%,pu
106,Typhlosion,1.13658%,pu
107,Dusclops,1.08155%,pu
108,Mesprit,1.07396%,pu
109,Perrserker,1.04360%,pu
110,Ampharos,1.03981%,pu
111,Dugtrio,1.03981%,pu
112,Basculin,1.03981%,pu
113,Eelektross,1.03791%,pu
114,Bellossom,1.03412%,pu
115,Articuno,1.00565%,pu
116,Hitmonchan,1.00186%,pu
117,Trevenant,0.99996%,pu
118,Ariados,0.99996%,pu
119,Spiritomb,0.99427%,pu
120,Dachsbun,0.96581%,pu
121,Beartic,0.95822%,pu
122,Veluza,0.94683%,pu
123,Exeggutor-Alola,0.94304%,pu
124,Probopass,0.93545%,pu
125,Ursaring,0.93165%,pu
126,Dugtrio-Alola,0.91647%,pu
127,Abomasnow,0.91078%,pu
128,Mabosstiff,0.90888%,pu
129,Medicham,0.89181%,pu
130,Dusknoir,0.87473%,pu
131,Dipplin,0.87283%,pu
132,Golem-Alola,0.86714%,pu
133,Electivire,0.85196%,pu
134,Arbok,0.83299%,pu
135,Sudowoodo,0.82350%,pu
136,Golem,0.80642%,pu
137,Lapras,0.79314%,pu
138,Carbink,0.79124%,pu
139,Cacturne,0.74380%,pu
140,Falinks,0.71724%,pu
141,Oricorio-Pa'u,0.70586%,pu
142,Torkoal,0.67739%,pu
143,Swalot,0.65083%,pu
144,Regice,0.64324%,pu
145,Slaking,0.64324%,pu
146,Eiscue,0.63375%,pu
147,Glimmet,0.61478%,pu
148,Piloswine,0.61098%,pu
149,Hattrem,0.59960%,pu
150,Granbull,0.59580%,pu
151,Glaceon,0.58252%,pu
152,Gurdurr,0.56544%,pu
153,Vullaby,0.55406%,pu
154,Luxray,0.55216%,pu
155,Whiscash,0.54837%,pu
156,Haunter,0.53508%,pu
157,Klawf,0.52939%,pu
158,Noctowl,0.52560%,pu
159,Volbeat,0.52370%,pu
160,Magmortar,0.51990%,pu
161,Rabsca,0.49334%,pu
162,Dodrio,0.49334%,pu
163,Crabominable,0.49144%,pu
164,Houndoom,0.48575%,pu
165,Pikachu,0.48575%,pu
166,Ludicolo,0.47626%,pu
167,Chimecho,0.47247%,pu
168,Flapple,0.46488%,pu
169,Furret,0.46298%,pu
170,Flareon,0.46108%,pu
171,Naclstack,0.45729%,pu
172,Tinkatuff,0.43262%,pu
173,Leafeon,0.42313%,pu
174,Wyrdeer,0.42313%,pu
175,Meganium,0.42124%,pu
176,Pincurchin,0.41934%,pu
177,Appletun,0.41554%,pu
178,Camerupt,0.41365%,pu
179,Regigigas,0.40606%,pu
180,Raichu-Alola,0.40416%,pu
181,Magcargo,0.37949%,pu
182,Samurott,0.37570%,pu
183,Vespiquen,0.37570%,pu
184,Illumise,0.37000%,pu
185,Banette,0.35862%,pu
186,Sawsbuck,0.35672%,pu
187,Vivillon,0.35483%,pu
188,Eelektrik,0.35103%,pu
189,Raichu,0.34344%,pu
190,Exeggutor,0.32826%,pu
191,Pyroar,0.32447%,pu
192,Dragonair,0.32257%,pu
193,Scovillain,0.31308%,pu
194,Cosmoem,0.31308%,pu
195,Mightyena,0.30359%,pu
196,Gogoat,0.29980%,pu
197,Lycanroc-Midnight,0.29790%,pu
198,Wigglytuff,0.29221%,pu
199,Golduck,0.29031%,pu
200,Charjabug,0.29031%,pu
201,Lilligant,0.28841%,pu
202,Dewgong,0.28272%,pu
203,Rotom-Frost,0.26944%,pu
204,Combusken,0.26944%,pu
205,Crocalor,0.26944%,pu
206,Toucannon,0.26754%,pu
207,Tropius,0.26375%,pu
208,Dedenne,0.25616%,pu
209,Gothitelle,0.24667%,pu
210,Gabite,0.23908%,pu
211,Wugtrio,0.23718%,pu
212,Zebstrika,0.22959%,pu
213,Meowstic,0.22770%,pu
214,Slowbro-Galar,0.21821%,pu
215,Persian,0.21631%,pu
216,Hippopotas,0.21441%,pu
217,Kricketune,0.21441%,pu
218,Squawkabilly,0.21062%,pu
219,Jumpluff,0.21062%,pu
220,Gumshoos,0.21062%,pu
221,Wo-Chien,0.20872%,pu
222,Swanna,0.20493%,pu
223,Greedent,0.19164%,pu
224,Drednaw,0.18975%,pu
225,Quaxwell,0.18595%,pu
226,Victreebel,0.18405%,pu
227,Seviper,0.18216%,pu
228,Ninetales,0.16318%,pu
229,Murkrow,0.16128%,pu
230,Fraxure,0.15749%,pu
231,Electrode,0.15559%,pu
232,Duosion,0.14990%,pu
233,Wartortle,0.14800%,pu
234,Sliggoo-Hisui,0.14231%,pu
235,Misdreavus,0.13851%,pu
236,Delibird,0.13662%,pu
237,Inteleon,0.13282%,pu
238,Hypno,0.13092%,pu
239,Krokorok,0.12333%,pu
240,Dunsparce,0.11954%,pu
241,Stonjourner,0.11385%,pu
242,Fletchinder,0.11385%,pu
243,Stantler,0.10626%,pu
244,Minun,0.10246%,pu
245,Drakloak,0.10246%,pu
246,Grumpig,0.09487%,pu
247,Lumineon,0.09298%,pu
248,Houndstone,0.08728%,pu
249,Pachirisu,0.08539%,pu
250,Rotom-Fan,0.08539%,pu
251,Vigoroth,0.08539%,pu
252,Magmar,0.08159%,pu
253,Servine,0.07780%,pu
254,Plusle,0.07780%,pu
255,Graveler,0.07780%,pu
256,Articuno-Galar,0.07590%,pu
257,Shellder,0.07590%,pu
258,Tauros-Paldea-Combat,0.06641%,pu
259,Clefairy,0.06072%,pu
260,Croconaw,0.05882%,pu
261,Gloom,0.05692%,pu
262,Metang,0.05503%,pu
263,Zorua-Hisui,0.05313%,pu
264,Oinkologne-F,0.05313%,pu
265,Magikarp,0.05313%,pu
266,Phione,0.05123%,pu
267,Oranguru,0.04933%,pu
268,Sunkern,0.04933%,pu
269,Feebas,0.04933%,pu
270,Carkol,0.04364%,pu
271,Mudbray,0.04364%,pu
272,Glalie,0.04174%,pu
273,Oinkologne,0.04174%,pu
274,Numel,0.04174%,pu
275,Pineco,0.04174%,pu
276,Yanma,0.04174%,pu
277,Torracat,0.03985%,pu
278,Girafarig,0.03985%,pu
279,Pawniard,0.03795%,pu
280,Cottonee,0.03605%,pu
281,Mienfoo,0.03605%,pu
282,Raboot,0.03415%,pu
283,Frogadier,0.03226%,pu
284,Eevee,0.03226%,pu
285,Nosepass,0.03226%,pu
286,Tentacool,0.03226%,pu
287,Marshtomp,0.03226%,pu
288,Munchlax,0.03036%,pu
289,Sunflora,0.03036%,pu
290,Vulpix-Alola,0.02846%,pu
291,Aipom,0.02846%,pu
292,Electabuzz,0.02846%,pu
293,Shroodle,0.02846%,pu
294,Seadra,0.02656%,pu
295,Cutiefly,0.02656%,pu
296,Graveler-Alola,0.02467%,pu
297,Meditite,0.02277%,pu
298,Dewpider,0.02277%,pu
299,Marill,0.02277%,pu
300,Drilbur,0.02277%,pu
301,Trapinch,0.02087%,pu
302,Corvisquire,0.02087%,pu
303,Salandit,0.02087%,pu
304,Wooper-Paldea,0.02087%,pu
305,Mareanie,0.01897%,pu
306,Doduo,0.01897%,pu
307,Bronzor,0.01897%,pu
308,Calyrex,0.01897%,pu
309,Sinistea,0.01897%,pu
310,Ivysaur,0.01708%,pu
311,Dartrix,0.01708%,pu
312,Floragato,0.01708%,pu
313,Slowpoke,0.01708%,pu
314,Squirtle,0.01518%,pu
315,Bulbasaur,0.01518%,pu
316,Venonat,0.01518%,pu
317,Arctibax,0.01518%,pu
318,Riolu,0.01328%,pu
319,Luvdisc,0.01328%,pu
320,Diglett,0.01328%,pu
321,Dolliv,0.01328%,pu
322,Elekid,0.01138%,pu
323,Hakamo-o,0.01138%,pu
324,Dewott,0.01138%,pu
325,Snivy,0.01138%,pu
326,Flittle,0.01138%,pu
327,Skwovet,0.01138%,pu
328,Sandshrew,0.00949%,pu
329,Drifloon,0.00949%,pu
330,Grovyle,0.00949%,pu
331,Lampent,0.00949%,pu
332,Tarountula,0.00949%,pu
333,Turtwig,0.00949%,pu
334,Chingling,0.00759%,pu
335,Skiploom,0.00759%,pu
336,Cleffa,0.00759%,pu
337,Staravia,0.00759%,pu
338,Monferno,0.00759%,pu
339,Corphish,0.00759%,pu
340,Geodude,0.00759%,pu
341,Voltorb,0.00759%,pu
342,Bayleef,0.00569%,pu
343,Buizel,0.00569%,pu
344,Oshawott,0.00569%,pu
345,Sentret,0.00569%,pu
346,Psyduck,0.00569%,pu
347,Ralts,0.00569%,pu
348,Porygon,0.00569%,pu
349,Sliggoo,0.00569%,pu
350,pupitar,0.00569%,pu
351,Sandshrew-Alola,0.00569%,pu
352,Prinplup,0.00569%,pu
353,Shieldon,0.00379%,pu
354,Magby,0.00379%,pu
355,Bonsly,0.00379%,pu
356,Shelgon,0.00379%,pu
357,Pignite,0.00379%,pu
358,Jigglypuff,0.00379%,pu
359,Grimer-Alola,0.00379%,pu
360,Drowzee,0.00379%,pu
361,Nymble,0.00379%,pu
362,Kirlia,0.00379%,pu
363,Dratini,0.00379%,pu
364,Zweilous,0.00379%,pu
365,Fletchling,0.00379%,pu
366,Brionne,0.00379%,pu
367,Tadbulb,0.00379%,pu
368,Greavard,0.00379%,pu
369,Treecko,0.00379%,pu
370,Hoppip,0.00379%,pu
371,Horsea,0.00379%,pu
372,Diglett-Alola,0.00379%,pu
373,Sandile,0.00190%,pu
374,Cacnea,0.00190%,pu
375,Varoom,0.00190%,pu
376,Rufflet,0.00190%,pu
377,Skiddo,0.00190%,pu
378,Rowlet,0.00190%,pu
379,Pichu,0.00190%,pu
380,Cranidos,0.00190%,pu
381,Cyndaquil,0.00190%,pu
382,Bramblin,0.00190%,pu
383,Floette,0.00190%,pu
384,Cetoddle,0.00190%,pu
385,Chinchou,0.00190%,pu